use hospital;
insert into Employee
values ( 'DOC000001','MinhHien','2000-7-17', 'Male', 0919346301, '3000');
insert into Employee
values ( 'DOC000002','MinhHien2','2000-7-17', 'Male', 091204995, '5000');
insert into Employee
values ( 'DOC000003','MinhHien3','2000-7-17', 'Male', 09264363462, '4000');
insert into Employee
values ( 'DOC000004','MinhHien4','2000-7-17', 'Male', 09123623545, '6000');
insert into Employee
values ( 'DOC000005','MinhHien5','2000-7-17', 'Female', 09325325251, '1000');
insert into Employee
values ( 'DOC000006','MinhHien6','2000-7-17', 'Female', 02353253252, '5000');
insert into Employee
values ( 'DOC000007','MinhHien7','2000-7-17', 'Female', 02353253252, '5000');
insert into Employee
values ( 'DOC000008','MinhHien8','2000-7-17', 'Female', 02353253252, '5000');
insert into Employee
values ( 'DOC000009','MinhHien9','2000-7-17', 'Female', 02353253252, '5000');
insert into Employee
values ( 'MAN000001','Tri1','2000-7-15', 'Female', 02453253252, '5000');
insert into Employee
values ( 'MAN000002','Tri2','2000-2-17', 'Female', 093253253, '3000');
insert into Employee
values ( 'MAN000003','Tri3','2000-3-11', 'Female', 0923523532, '3440');
insert into Employee
values ( 'MAN000004','Tri4','2000-2-12', 'Female', 023525235, '2000');
insert into Employee
values ( 'MAN000005','Tri5','2000-3-26', 'Female', 02352523632, '3000');
insert into Employee
values ( 'MAN000006','Tri6','2000-1-30', 'Female', 02352523632, '3000');
insert into Employee
values ( 'MAN000007','Tri7','2000-2-28', 'Female', 02352523632, '3000');
insert into Employee
values ( 'NUR000002','DangPhuc2','2000-7-17', 'Female', 0236326236, '200');
insert into Employee
values ( 'NUR000001','DangPhuc1','2000-7-17', 'Female', 09982395832, '200');
insert into Employee
values ( 'NUR000003','DangPhuc3','2000-7-17', 'Female', 09982395832, '200');
insert into Employee
values ( 'NUR000004','DangPhuc4','2000-7-17', 'Female', 09982395832, '200');
insert into Employee
values ( 'NUR000005','DangPhuc5','2000-7-17', 'Female', 09982395832, '200');
insert into Employee
values ( 'NUR000006','DangPhuc6','2000-7-17', 'Female', 09982395832, '200');
insert into Employee
values ( 'NUR000007','DangPhuc7','2000-7-17', 'Female', 09982395832, '200');
insert into Employee
values ( 'NUR000008','DangPhuc8','2000-7-17', 'Female', 09982395832, '200');
insert into Employee
values ( 'NUR000009','DangPhuc9','2000-7-17', 'Female', 09982395832, '200');




insert into Department
values ('KhoaSan', 'LargeBlueWithWindows');
insert into Department
values ('KhoaNhi', 'SmallWhiteWithToys');
insert into Department
values ('KhoaThanKinh', 'LargeRedWithNiceDoctors');
insert into Department
values ('KhoaTaiMuiHong', 'LargeGreenWithNiceDoctors');
insert into Department
values ('KhoaMat', 'LargeYellowWithNiceNurses');
insert into Department
values ('KhoaRangHamMat', 'LargeBlackWithNiceEquipments');
insert into Department
values ( 'KhoaNoiSoi' , 'LargeBlueNoWindows');
insert into Medicine
values('ThuocA','2022-7-12');
insert into Medicine
values('ThuocB','2022-5-12');
insert into Medicine
values('ThuocC','2022-12-12');
insert into Medicine
values('ThuocD','2022-8-12');
insert into Medicine
values('ThuocE','2022-4-12');
insert into Medicine
values('ThuocF','2022-8-1');
insert into Medicine
values('ThuocG','2022-12-12');
insert into Medicine
values('ThuocH','2022-6-30');
insert into Medicine
values('ThuocI','2022-2-28');
insert into Medicine
values('ThuocK','2022-7-22');
insert into Medicine
values('ThuocL','2022-5-21');
insert into Medicine
values('ThuocM','2022-7-6');

insert into Nutrition
values('VitaminA', 'GoodforA');
insert into Nutrition
values('VitaminB', 'GoodforB');
insert into Nutrition
values('VitaminC', 'GoodforC');
insert into Nutrition
values('VitaminD', 'GoodforD');
insert into Nutrition
values('VitaminE', 'GoodforE');
insert into Nutrition
values('VitaminF', 'GoodforF');
insert into Nutrition
values('VitaminG', 'GoodforG');
insert into Nutrition
values('VitaminH', 'GoodforH');
insert into Nutrition
values('VitaminI', 'GoodforI');
insert into Diagnose
values('NothingHappened');
insert into Diagnose
values('HaveDiagA');
insert into Diagnose
values('HaveDiagB');
insert into Diagnose
values('HaveDiagC');
insert into Diagnose
values('HaveDiagD');
insert into Diagnose
values('HaveDiagE');
insert into Diagnose
values('HaveDiagF');
insert into Diagnose
values('HaveDiagG');
insert into Diagnose
values('HaveDiagH');
insert into Diagnose
values('HaveDiagI');
insert into Diagnose
values('HaveDiagK');
insert into Diagnose
values('HaveDiagL');
insert into Diagnose
values('HaveDiagM');
insert into Illness
values('IllnessA',NULL);
insert into Illness
values('IllnessB',NULL);
insert into Illness
values('IllnessC',NULL);
insert into Illness
values('IllnessD',NULL);
insert into Illness
values('IllnessE',NULL);
insert into Illness
values('IllnessF',NULL);
insert into Illness
values('IllnessG',NULL);
insert into Illness
values('IllnessH',NULL);
insert into Illness
values('IllnessI',NULL);
insert into Illness
values('IllnessK',NULL);
insert into Illness
values('IllnessL',NULL);
insert into Illness
values('IllnessM',NULL);
insert into Illness
values('IllnessN',NULL);
insert into Illness
values('IllnessO',NULL);
insert into Illness
values('IllnessP',NULL);

insert into Nurse
values('NUR000001', True);
insert into Nurse
values('NUR000002', True);
insert into Nurse
values('NUR000003', True);
insert into Nurse
values('NUR000004', True);
insert into Nurse
values('NUR000005', True);
insert into Nurse
values('NUR000006', False);
insert into Nurse
values('NUR000007', False);
insert into Nurse
values('NUR000008', False);
insert into Nurse
values('NUR000009', False);

insert into Doctor
values ('DOC000001',4,'KhoaSan');
insert into Doctor
values ('DOC000002',4,'KhoaSan');
insert into Doctor
values ('DOC000003',10,'KhoaSan');
insert into Doctor
values ('DOC000004',7,'KhoaNhi');
insert into Doctor
values ('DOC000005',5,'KhoaNhi');
insert into Doctor
values ('DOC000006',6,'KhoaThanKinh');
insert into Doctor
values ('DOC000007',10,'KhoaTaiMuiHong');
insert into Doctor
values ('DOC000008',4,'KhoaMat');
insert into Doctor
values ('DOC000009',6,'KhoaMat');


insert into Conclusion
values('IllnessA','HaveDiagA');
insert into Conclusion
values('IllnessB','HaveDiagB');
insert into Conclusion
values('IllnessC','HaveDiagC');
insert into Conclusion
values('IllnessD','HaveDiagD');
insert into Conclusion
values('IllnessE','HaveDiagE');
insert into Conclusion
values('IllnessF','HaveDiagK');
insert into Conclusion
values('IllnessG','HaveDiagM');
insert into Conclusion
values('IllnessH','HaveDiagL');
insert into Conclusion
values('IllnessI','HaveDiagF');
insert into Conclusion
values('IllnessK','HaveDiagA');
insert into Conclusion
values('IllnessL','HaveDiagC');
insert into Conclusion
values('IllnessM','HaveDiagE');
#con Patient

insert into Manager
values ('MAN000001', 'KhoaSan');
insert into Manager
values ('MAN000002','KhoaTaiMuiHong');
insert into Manager
values ('MAN000003', 'KhoaTaiMuiHong');
insert into Manager
values ('MAN000004', 'KhoaThanKinh');
insert into Manager
values ('MAN000005', 'KhoaNoiSoi');
insert into Manager
values ('MAN000006', 'KhoaRangHamMat');
insert into Manager
values ('MAN000007', 'KhoaMat');
insert into Shift( location, fromtime, totime, Shiftdate,Doctor_ssn,Nurse_ssn)
values
('LocationA','08:00:00','12:00:00','2022-08-12','DOC000001','NUR000002')
        ,
('LocationB','12:00:00','15:00:00','2022-08-12','DOC000003','NUR000006')
        ,
('LocationA','15:00:00','18:00:00','2022-08-12','DOC000005','NUR000001')
        ,
('LocationC','18:00:00','21:00:00','2022-08-12','DOC000006','NUR000003')
        ,
('LocationD','08:00:00','12:00:00','2022-08-13','DOC000008','NUR000004')
        ,
('LocationA','12:00:00','15:00:00','2022-08-13','DOC000004','NUR000002')
        ,
('LocationB','15:00:00','18:00:00','2022-08-13','DOC000007','NUR000001')
;
insert into Insurance
values (1810925,NULL);
insert into Insurance
values (1810926,NULL);
insert into Insurance
values (1810927,NULL);
insert into Insurance
values (1810928,NULL);
insert into Insurance
values (1810929,NULL);
insert into Insurance
values (1810930,NULL);
insert into Insurance
values (1810931,NULL);
insert into Insurance
values (1810932,NULL);


insert into Patient
values ('100000001', 'NguyenVanA', 1810925);
insert into Patient
values ('100000002', 'NguyenVanB', 1810926);
insert into Patient
values ('100000003', 'NguyenVanB', 1810927);
insert into Patient
values ('100000004', 'TranVanA', 1810928);
insert into Patient
values ('100000005', 'NguyenVanC', 1810929);
insert into Patient
values ('100000006', 'NguyenVanX', 1810930);
insert into Patient
values ('100000007', 'TranVanY', 1810931);
insert into Patient
values ('100000008', 'NguyenTrongY', 1810932);

insert into InPatient
values ('100000001', 101, 'PosA', 'DOC000004', 'DOC000002');
insert into InPatient
values ('100000002', 101, 'PosA', 'DOC000001', 'DOC000003');
insert into InPatient
values ('100000003', 101, 'PosA', 'DOC000001', 'DOC000006');
insert into InPatient
values ('100000004', 101, 'PosA', 'DOC000001', 'DOC000007');
insert into InPatient
values ('100000005', 101, 'PosA', 'DOC000003', 'DOC000008');

insert into OutPatient
values ('100000006', '2021-08-08');
insert into OutPatient
values ('100000007', '2021-08-08');
insert into OutPatient
values ('100000008', '2021-08-08');

insert into Test
values ('TestA',NULL,NULL,NULL);
insert into Test
values ('TestB',NULL,NULL,NULL);
insert into Test
values ('TestC',NULL,NULL,NULL);
insert into Test
values ('TestD',NULL,NULL,NULL);
insert into Test
values ('TestE',NULL,NULL,NULL);
insert into Test
values ('TestF',NULL,NULL,NULL);
insert into Test
values ('TestG',NULL,NULL,NULL);
insert into Test
values ('TestH',NULL,NULL,NULL);

insert into MedicalExamination
values ('001','HaveDiagA');
insert into MedicalExamination
values ('002','HaveDiagB');
insert into MedicalExamination
values ('003','HaveDiagC');
insert into MedicalExamination
values ('004','HaveDiagD');
insert into MedicalExamination
values ('005','HaveDiagE');
insert into MedicalExamination
values ('006','HaveDiagF');
insert into MedicalExamination
values ('007','HaveDiagG');
insert into MedicalExamination
values ('008','NothingHappened');

insert into Prescription
values ( '001', '001', NULL);
insert into Prescription
values ( '002', '002', NULL);
insert into Prescription
values ( '003', '003', NULL);
insert into Prescription
values ( '004', '004', NULL);
insert into Prescription
values ( '005', '005', NULL);
insert into Prescription
values ( '006', '006', NULL);
insert into Prescription
values ( '007', '007', NULL);
insert into Prescription
values ( '008', '008', NULL);


insert into FilmResult ( MedicalExamination_id, result, datetaken, Doctor_assign_ssn, Doctor_do_ssn,Diagnose)
values ('001', NULL, NULL, 'DOC000001', 'DOC000002', NULL),
       ('002', NULL, NULL, 'DOC000002', 'DOC000003', NULL),
       ('003', NULL, NULL, 'DOC000004', 'DOC000005', NULL),
       ('004', NULL, NULL, 'DOC000006', 'DOC000007', NULL),
       ('005', NULL, NULL, 'DOC000002', 'DOC000001', NULL),
       ('006', NULL, NULL, 'DOC000008', 'DOC000009', NULL),
       ('007', NULL, NULL, 'DOC000004', 'DOC000003', NULL),
       ('008', NULL, NULL, 'DOC000007', 'DOC000009', NULL);

insert into TestResult
values('TestA','001',NULL,'Good',NULL,'DOC000002', 'DOC000003');
insert into TestResult
values('TestB','002',NULL,'Good',NULL,'DOC000002', 'DOC000005');
insert into TestResult
values('TestC','003',NULL,'Good',NULL,'DOC000006', 'DOC000007');
insert into TestResult
values('TestD','004',NULL,'Good',NULL,'DOC000009', 'DOC000009');
insert into TestResult
values('TestE','005',NULL,'Good',NULL,'DOC000004', 'DOC000006');
insert into TestResult
values('TestF','006',NULL,'Good',NULL,'DOC000002', 'DOC000001');
insert into TestResult
values('TestG','007',NULL,'Good',NULL,'DOC000001', 'DOC000002');
insert into TestResult
values('TestH','008',NULL,'Good',NULL,'DOC000007', 'DOC000003');

insert into InPatientMedicalRecord(inPatient_ssn,datetaken,note,instatus,outstatus)
values('100000001',NULL,NULL,'NORMAL','NORMAL'),
      ('100000002',NULL,NULL,'NORMAL','NORMAL'),
      ('100000003',NULL,NULL,'NORMAL','NORMAL'),
      ('100000004',NULL,NULL,'BAD','BAD'),
      ('100000005',NULL,NULL,'GOOD','GOOD');

insert into doctorInDepartment
values('KhoaSan','DOC000001');
insert into doctorInDepartment
values('KhoaSan','DOC000002');
insert into doctorInDepartment
values('KhoaSan','DOC000003');
insert into doctorInDepartment
values('KhoaNhi','DOC000004');
insert into doctorInDepartment
values('KhoaNhi','DOC000005');
insert into doctorInDepartment
values('KhoaThanKinh','DOC000006');
insert into doctorInDepartment
values('KhoaTaiMuiHong','DOC000007');
insert into doctorInDepartment
values('KhoaMat','DOC000008');
insert into doctorInDepartment
values('KhoaSan','DOC000009');


insert into PrescriptionHaveMedicine
values ('001','ThuocA',NULL,NULL,10);
insert into PrescriptionHaveMedicine
values ('002','ThuocB',NULL,NULL,10);
insert into PrescriptionHaveMedicine
values ('003','ThuocC',NULL,NULL,10);
insert into PrescriptionHaveMedicine
values ('004','ThuocD',NULL,NULL,10);
insert into PrescriptionHaveMedicine
values ('005','ThuocE',NULL,NULL,10);
insert into PrescriptionHaveMedicine
values ('006','ThuocF',NULL,NULL,10);
insert into PrescriptionHaveMedicine
values ('007','ThuocG',NULL,NULL,10);
insert into PrescriptionHaveMedicine
values ('008','ThuocH',NULL,NULL,10);


insert into InpatientMedicalRecordHaveIllness
values( '1', 'IllnessB');
insert into InpatientMedicalRecordHaveIllness
values( '2', 'IllnessG');
insert into InpatientMedicalRecordHaveIllness
values( '3', 'IllnessH');
insert into InpatientMedicalRecordHaveIllness
values( '4', 'IllnessD');
insert into InpatientMedicalRecordHaveIllness
values( '5', 'IllnessA');

insert into Examination
values('001','100000001','1', NULL,NULL);

insert into Examination
values('002','100000002','4', NULL,NULL);

insert into Examination
values('003','100000003','2', NULL,NULL);

insert into Examination
values('004','100000004','6', NULL,NULL);

insert into Examination
values('005','100000005','5', NULL,NULL);

insert into Examination
values('006','100000006','7', NULL,NULL);

insert into Examination
values('007','100000007','3', NULL,NULL);

insert into InpatienInDepartment
values ('100000001','DOC000004','KhoaNhi');

insert into InpatienInDepartment
values ('100000002','DOC000001','KhoaSan');

insert into InpatienInDepartment
values ('100000003','DOC000001','KhoaSan');

insert into InpatienInDepartment
values ('100000004','DOC000001','KhoaSan');
insert into InpatienInDepartment
values ('100000005','DOC000003','KhoaSan');



insert into HaveNutrition
values( '100000006', 'VitaminC',NULL);


insert into HaveNutrition
values( '100000007', 'VitaminC',NULL);

insert into HaveNutrition
values( '100000008', 'VitaminE',NULL);

insert into HaveNutrition
values( '100000002', 'VitaminA',NULL);

insert into HaveNutrition
values( '100000001', 'VitaminF',NULL);

insert into HaveNutrition
values( '100000003', 'VitaminG',NULL);
#Checked